arrival_rate,service_rate,servers,avg_waiting_time
7.052399757751585,11.880611185035987,1,0.12661995013124136
4.861064347243718,10.600600747985151,2,0.006030078583294527
5.887521285127398,9.723582819923564,2,0.0089571742009066
2.696904391086739,11.230302627884669,2,0.0009350057809472958
8.03236523164107,5.87642546552336,1,27.577984166436753
7.111987535688209,5.24608426922781,2,0.15341820178774998
3.653187657266172,7.868839231078622,1,0.12043770681712006
8.729722414369828,10.61753119603187,3,0.0015520054773753866
4.135442519169186,13.736387601650291,1,0.02902108965911563
6.866453006167597,6.407392450139826,3,0.006511084727187079
6.621652103238057,13.552278108353331,5,0.0
6.454765207379044,8.058226985310451,1,0.5227720751173452
3.7241274524915395,6.306955939106491,3,0.0017226866196078938
7.119869404031836,11.417097568326195,1,0.12549059462870726
4.1183151717312025,6.147889817934169,5,1.2411878566967944e-06
6.380116085944654,8.22074957467046,5,0.0
4.752749154057386,12.21581982803285,5,0.0
6.258013779368881,13.740535430026412,2,0.0039987606487527794
8.028936255554271,14.329153008559054,3,0.0006039601154772173
7.793618487108374,7.104815251673699,5,0.00020486680069174067
9.030406356385306,6.190540524011564,3,0.021769454885505853
5.3626477161581505,10.876692695060676,1,0.07874900946238726
9.794040138998167,5.319734947131359,2,1.879685176004741
8.38833213315371,8.503892303375272,3,0.003424939632834057
7.3293184628419485,8.018583739368157,3,0.0030931742455384565
3.25836189488309,11.245115513119256,2,0.0019483178260861155
9.12805434517665,11.009006201001625,3,0.0027025477720717824
7.384825988944935,12.556932555605785,5,0.0
6.519238998951708,12.614391050300227,2,0.005249697454561937
3.1221883619247723,12.165254571344265,3,3.055001751422238e-05
7.579805875486604,8.750481623521097,3,0.0028377753849782063
2.069024856248566,5.008541817266066,5,0.0
3.1522538193648844,14.748127653824143,3,2.588009957781191e-05
8.40293107203156,14.119298693829545,2,0.0077381594745566515
5.732075618848491,7.169610338085074,3,0.0024989386423147496
9.334280011931131,7.074387099048862,1,23.311320790550475
5.423166898083729,12.43810969199626,4,0.00011984358297083033
2.528748538815363,11.388179764173513,1,0.02051087417133089
2.8916622700842307,11.282887815094115,2,0.0010437064359505024
3.4670404853909362,5.369889872318804,2,0.022424930410214847
6.97978497871742,9.877927456846647,3,0.0024068992060833202
7.436349351654757,5.693578229492056,2,0.11157562585840897
7.19218205770766,5.123262722617644,4,0.004403929590674476
3.881646368800828,12.34192182795008,3,0.00014446749355658182
7.794527354772008,9.895521499778384,4,9.410136353744703e-05
4.173924373319308,7.385771578343875,3,0.00048681288018424357
6.1545591658635415,5.152667695565432,4,0.0014910299487402438
4.697429655448005,11.921572515036788,5,0.0
3.781083599341083,7.903082391215337,3,0.00011962856086536239
5.570335815160351,14.927954519968097,5,0.0
4.917502817592073,9.936912936714165,4,0.0
2.533940312725872,11.703903227753859,5,0.0
8.389923257704272,14.164801137182344,1,0.09352291957430967
3.397818195144147,12.314742189430174,5,0.0
7.569841041497873,11.365781013637303,1,0.2193482724870955
8.679925342362715,9.132706098087137,4,0.000723903968060727
9.427863269808658,10.744060977998432,5,2.676293421139683e-05
5.218776299393422,12.07656493250991,5,0.0
4.863241954050864,5.684270137562589,3,0.002326821560612215
7.703030247239655,14.219035731910694,5,1.6923481692646884e-05
6.052085572309023,12.461231421892363,5,0.0
7.154142287417272,6.973508044050474,2,0.040763843270949
8.713111005905436,7.039665767654966,5,7.736872073279463e-05
6.79183431554745,5.7327753349955195,1,22.416660916903943
5.461578493266118,13.788292377677907,2,0.002645385717105605
9.086148832503195,6.886483475045166,1,33.26716708797668
6.9119597649958235,7.327472534525418,1,2.2512585347749736
7.15202821604904,13.66101674774501,3,0.00021235649868591274
4.152890607623425,6.406182272490249,3,0.0013440206609262807
2.2507453024708326,13.630906310691866,2,0.0009056429513115412
2.059412396084311,11.569764194603616,5,0.0
3.981734747532311,14.28100471057939,4,0.0
2.8284660052321513,6.506468685313349,2,0.009135012983360986
4.318067111701952,11.247162627046285,1,0.0444417015199902
7.495737619563127,11.372306067453685,1,0.1503064751057797
3.993691083573353,8.422182695507587,1,0.1210878153221883
2.9092174376863413,7.297230585021289,3,5.353128157215566e-05
8.608940928489293,12.38290202633505,1,0.18338032644030794
9.589297158130226,14.712908063745921,1,0.12910499917521445
4.774509954820943,14.789363816836435,4,0.0
8.337620956449623,12.133603377548976,4,0.00013725701506513117
8.694768400030327,5.831553158974105,3,0.02864427855587687
9.179294261442344,6.553421031738709,5,0.00044659654479523654
5.037370139384292,8.2321661907719,2,0.011474273402199149
8.305342759742928,14.108724493355316,4,2.377680271902814e-05
8.11599887645857,14.643055448249408,1,0.06925102312865865
6.506634215612981,7.660798781031368,3,0.0027743165910523076
7.1888046534428955,13.546452808770223,4,6.155169911121092e-05
6.734678166209799,14.791635004907434,4,3.1214779016764585e-05
9.282082380705177,7.422945372008868,3,0.011608147285234072
4.551050020169741,11.065717893367898,3,4.786605478879115e-05
8.610865564374926,13.464764479020479,5,0.0
9.3521818278169,5.886808266557141,5,0.0012440781017323335
9.271027134413664,6.373537512787299,3,0.022234671434171016
9.41481313486055,7.00689831683863,4,0.004301286753596957
8.442838932196043,10.815917908576926,1,0.28402375233904675
6.0905765117553425,5.141822426486737,1,20.591178976207186
8.333293036056276,13.745065225149286,4,3.44016840039769e-05
8.922274359067835,13.829163902511205,5,0.0
9.582070891228618,6.587692780892946,1,33.80923478257822
3.279240412020008,7.276163401143956,5,0.0
7.401243505406746,9.90612847162069,4,3.086862911190434e-05
8.699347389816964,10.903826710752728,1,0.7095804296360069
2.7334414593490246,10.328276745518258,5,0.0
2.5320302668094863,6.15990418353744,5,0.0
8.370310270583829,9.671334196044317,2,0.020275607254428882
9.121040433872711,9.905909003401046,1,1.151666552600287
8.335737713822583,8.623283402066932,5,5.131587432996086e-05
6.32920549730147,7.424447112566872,5,0.0
6.332541185606304,13.618809855532671,4,0.0
6.811634380402204,12.923833276915325,3,0.0005682557136342878
9.239308342149167,14.295952088816659,1,0.1395028403954698
2.3280280430578957,14.16440084639792,3,0.0
7.294197936789368,7.266719351841589,4,0.0011033019918358985
9.3241317373999,9.720467248396325,5,0.00012917403741578168
6.850536430302725,12.149611378303877,2,0.005477539702404372
5.853797812427103,13.918223136183062,5,0.0
5.737548323574109,10.148927477342841,4,1.875047925882324e-05
4.950185010198409,11.899261599470053,5,0.0
2.5679064945526067,7.234357682634944,3,0.00022263644079179148
7.495699796750096,5.391780366518204,4,0.0031816187142096803
5.730146700369147,6.641550831579941,5,3.520904843486611e-05
9.235224901949245,11.329027317330553,4,0.00012057158190774868
3.5267199264705553,10.510506712888272,3,1.8486429560411363e-05
7.92619759466408,10.706776999580416,2,0.013505025868704654
8.371887073082174,11.142767414213564,2,0.01406880454589048
3.0977595262669544,13.04375047410483,4,0.0
2.1173057239070836,12.2419553610961,1,0.016694189604569813
3.685704368070353,12.249782337210988,5,0.0
7.838179463462365,10.566725590875903,5,0.0
2.470940899765199,9.130508016002228,3,0.0001920743806659011
3.1646955802132464,6.02018202696879,1,0.15440841782065248
9.158558225275758,14.521218785843791,5,0.0
4.438415234033596,9.110059802767474,2,0.005274130639459934
7.819011517433007,11.64800642525869,4,0.00010199608547164222
8.173037114861948,13.44324067891407,1,0.11843914788448477
7.036756242481749,12.665170380642286,1,0.0860098913297214
3.850752251424611,13.375718503042629,5,0.0
8.727202927821457,7.4254358379971785,1,19.206224884304934
2.664851383495572,12.465515386569283,2,0.0012815627051317965
2.2373216863195715,7.668135794037568,5,0.0
3.47167446453851,8.763587049077803,1,0.06275748573008891
5.518954113318674,7.180484350133919,4,0.0003050581242365351
3.1958663263073923,11.29590164377089,2,0.001678727074190298
5.051302993506689,10.596157536264396,5,0.0
9.355158527574233,6.53830812022246,5,0.0008321313004136703
3.862540314469727,10.108175909234284,3,0.00026529160901155117
5.264376308103198,9.770889914920916,5,0.0
4.472593506138209,11.509323241235194,3,0.00030655489200219114
5.410655972523957,10.63012056464941,3,0.0007985137165420486
9.402581184069081,9.306151693597212,3,0.0025320566318404332
5.144324245825335,13.932835434650656,1,0.03601277415260408
5.007649128278928,11.54284791818418,1,0.0637731365152767
5.583751574282891,12.197364861123711,5,0.0
2.763529136318775,14.582232693082753,2,0.00041508153291493297
2.664017101133817,7.018723208891354,2,0.004157425144823473
7.840684622355527,8.716930302370566,2,0.033015846326069756
4.305832830516744,10.206757134122261,2,0.00467436449421285
8.566126139961202,9.210305578326086,4,0.0007952573362894305
9.909721738744755,7.97098069596459,4,0.0010492530104236452
3.700874853286927,8.451893729544762,4,0.0
2.1553827471570077,14.092922053145552,5,0.0
3.27062429374722,7.846949526319962,4,0.00016960770195841468
2.5014299689069794,7.6195240983154156,3,8.661845825271726e-05
7.298256548444039,11.619515317420536,5,0.0
6.128311928473075,9.482767562373438,1,0.1840706508062194
2.2269165224469525,10.715705280534365,3,0.0
6.90576821792188,6.631975181490755,5,0.00013560423004692123
5.2667817419382335,5.021748668838184,1,5.989400769577206
8.283204795992926,11.434097850326328,3,0.002713481765294976
6.285475023310736,14.478171857296008,2,0.003745053795779333
9.827581253775605,10.344838419153394,4,0.00026159735373991363
4.759407480694116,8.082511252243348,1,0.14640133861250523
6.384649816728221,6.52181394555431,1,3.669835784627447
5.861642213232415,8.097608892791675,4,0.0002619319055648699
8.948537909417238,7.742549518952023,2,0.08005116438026395
5.882518208891982,8.354050873993634,3,0.0020584697470267758
7.801840180769771,10.25762827034112,3,0.0025607962138431838
5.065782886385067,8.379661354637882,4,1.3912160054685643e-06
5.8224358700007155,12.045488530617119,1,0.08303240091951103
5.817108778213903,11.838566626979434,2,0.007380085622623767
4.3581678593075255,10.30460119847742,1,0.056310826901937706
2.004879969351671,13.81989150575148,1,0.012198032355953563
7.619011003741493,7.562991171303536,4,0.0007102156849474164
6.626190103662499,11.043549067748252,1,0.11968812382655088
6.890899273734234,13.144159751531305,2,0.006077241350711737
3.952799860986098,11.634521422913181,4,0.0
3.2102404675328344,10.267274509927983,4,0.0
4.875288203284943,9.986585974650147,1,0.10337397979338554
9.753083333933011,14.885528010634895,4,0.00010594783616920637
8.109490670046153,12.897879123554334,4,0.0001442887573453286
5.001209416176593,7.382260351160529,4,7.710403790701775e-05
3.0693545290870077,6.353211034627865,2,0.01218445684413377
5.897864077687977,9.121124180655283,4,3.26405999425394e-05
4.99953861307654,5.063931441496187,2,0.08173017269911824
2.33149499434153,12.201005105504787,4,0.0
7.427492183719807,9.793697532850853,3,0.0026445301740797267
4.168825147740729,6.599852030260653,1,0.30310882720425186
9.814274326384837,10.565291251830038,1,1.314405363131778
4.772941932048848,11.03412743755391,2,0.005453707808589062
9.940267713570854,14.123115267658081,2,0.009824520538972828
8.309303478893955,13.726080438253646,1,0.10168613452446436
3.7787426271346476,13.71401890740216,4,0.0
9.260369451649755,10.793516132328099,3,0.004023055921609106
9.443757520060212,14.688182420818084,1,0.1123294823998165
9.97116097861276,5.567902481172843,3,0.05274302800503183
9.042068206013383,10.529088973729529,2,0.021708980950002215
7.983835375272069,13.916980012393632,4,1.5001287361273393e-05
8.410316258351571,13.406567198267277,2,0.007797250812101667
9.995607986029002,9.703954358216013,5,0.0001717936110271956
4.9564637176476065,5.363570988242685,3,0.006747919548092498
4.997468438388364,10.90662006200345,2,0.006047479853426115
9.676605752287616,10.901787040809433,4,0.0003754913901940995
2.0949005725445904,7.694160358673836,4,0.0
8.71215812566993,6.257714480604736,1,29.23911481648471
7.1048286838865495,6.897237103109201,3,0.0049702113583074675
4.753658122483204,10.399366346572592,1,0.08578774784697028
8.995144050294432,10.160584462963737,5,3.6592491674643624e-05
6.807538975368231,12.99414620819866,2,0.006625963559126235
4.281291641617314,5.203828905809761,1,0.5475712459851996
7.922841654711746,8.530595180121228,2,0.04114383740305247
3.270092883910321,11.760690413854448,3,8.644820419079925e-06
8.058620254703273,8.575883486278503,1,1.3733728386700648
9.625729882700648,13.02480762538446,1,0.18322106626892395
6.932373305832716,5.568524025053897,2,0.09933646700671862
7.695946432687615,12.216079584538003,5,0.0
5.733667589661383,5.493330953877735,1,10.180427554502586
9.452213847235583,12.192238497503748,3,0.0016089378992499431
7.0312042891026305,10.02387718721998,4,0.00012341993210315954
2.288463513588008,14.023499389399335,5,0.0
5.31499810999895,9.899095174032876,5,0.0
4.775693233445641,13.031838641603743,5,0.0
6.490755079065849,6.79666655011919,3,0.007355572391003138
6.176273303572811,10.899697328219155,5,0.0
5.9140074201876205,11.097534056792142,1,0.12852092716690083
6.511509975197638,9.000596900821707,5,0.0
9.719503001441485,13.899142589981292,3,0.001124097148028815
2.960367657175617,9.52370176901168,4,0.0
9.135055425050336,14.383578984687617,4,0.0001745405422627276
6.698818231797728,9.4913439667279,3,0.0014938794522944907
7.7116761119352635,14.415397137562906,4,5.943154790318469e-05
5.45986695425724,10.797016332086427,1,0.07790385410961777
9.362311033896919,13.391365049570647,1,0.20625868859484472
2.3871769275157577,9.633462771794111,4,0.0
7.787625220243825,12.562092213329551,5,2.0017202242569478e-05
8.974559323331025,14.980025883848286,1,0.1130149970964943
2.7028419444796814,8.643218876894771,4,0.0
4.476635701346531,5.86656022718801,5,0.0
2.608109957834647,5.252037763896729,1,0.2789312140910492
5.70961018353168,8.079201043051853,3,0.003195754527908198
2.5597113146867114,14.883241274986469,3,0.0
9.894599380335995,5.812760328131121,3,0.04404041540805177
5.84247149687114,9.176859993085845,1,0.2178840788477515
8.526452770639132,7.432993027078144,5,0.0006661058089714564
8.382863527697399,14.698219233035223,5,0.0
3.848961370570094,14.684683327384775,5,0.0
6.560690530716105,11.653336579005,3,0.0007056429189324368
3.821203193632541,7.332405173139504,3,0.00037295327149052513
2.754016129339125,11.838282776255957,2,0.000882934645419459
2.2121619595291913,9.689715470614205,3,0.0
2.0595909506410868,6.361713529414008,2,0.0020869681313316233
4.693067663843258,12.237132725811865,3,0.00018769750111556163
5.168079809112299,5.782727632286275,3,0.010255668762296612
8.743552434827166,8.588178157180945,3,0.004336032537357593
2.1432046258661757,5.886082146540257,1,0.09752531446749153
3.950177677510071,10.051821656430112,2,0.004161670495060964
8.044074546773807,10.59329504226765,4,0.00018115601333380864
4.975759577225287,12.55317639108317,3,0.00016962968993395803
7.446047296580574,13.65143801816898,1,0.08746224833690389
8.36840277665141,11.799708526489214,2,0.016116993674987035
5.938086223847648,9.927080185353624,5,0.0
8.55647778366393,6.126634325562291,5,0.0011114691478000737
6.9896770015017395,6.980420701494917,3,0.005801608092460072
2.8579203193470084,10.579260947956453,5,0.0
5.722597500302131,8.183426278633165,4,8.961111135345671e-05
6.843933324617868,12.341561255993119,4,0.0001302706195384792
2.466859954855866,14.488726031434084,3,0.0
8.029658640085358,7.634241735372688,1,3.5869479384658414
4.749262935651681,12.569368075477161,5,0.0
6.931852554222372,13.781302003236013,1,0.07851139735444115
6.740801207407122,7.464966230735234,1,1.4785245237174707
2.711861427633427,11.472588824893677,1,0.03934300906634565
9.75711571257402,12.807828266531489,2,0.013062130048257856
7.264801223194237,8.540337374813543,2,0.028223799998765228
8.975195973465443,10.30614338053574,3,0.003294565953550336
6.958198200030642,10.430307796214032,5,0.0
6.878085880603146,8.60578326724951,5,0.00033977649095755875
4.041980135674294,12.31692969930135,2,0.003568229932575381
8.564795000805322,8.232330407689872,3,0.008976064736757342
3.7871119238874114,5.182412276032401,5,0.00014281851848130069
3.7013204004412694,11.789478013352007,4,0.0
3.7513254256572326,12.622503475282564,1,0.031040302562708504
7.26098473043614,5.6646166363171595,1,24.268510407965678
7.414624878498412,9.774695803073223,1,0.401550448035436
4.991780780052295,10.80872251554958,3,0.0003685126247028061
7.630441113434669,7.618916639219728,4,0.0012685467947153584
7.4929894031077415,8.639354911323341,2,0.0222959588101746
7.081481152605396,14.538741705700048,2,0.005503918427840744
5.417643788225904,7.471737640002329,3,0.002630451663141632
6.464891813363327,7.645668807741237,2,0.029193394517855728
6.353403573142498,5.144844465221469,5,0.0007316853520188814
4.814755893933302,13.791312746102882,5,0.0
6.52486683690947,6.745989988086071,3,0.007095117090432314
7.823903338487644,6.8280212868718735,4,0.0023183964384238197
8.540308822442197,10.349260794150789,2,0.023985952732950074
6.1468372047397954,12.258951927022288,1,0.10928696661501118
6.02031573566296,8.7291928894581,2,0.013264827232293807
3.743113312393386,14.365020445481829,4,0.0
8.874029246323712,5.249575075351386,5,0.002201648340430164
5.3283335343345355,12.405499064027588,3,0.00034752687430766497
4.8607852693136815,10.533652632898225,2,0.004508317605561804
2.576923004316863,14.103634696621922,1,0.01308748046798217
4.796499254830169,13.446539215093011,2,0.0023728092259849235
9.15107489318806,9.369144352081513,3,0.005565682511306718
3.2420873363237313,5.179761556985519,1,0.3429586341027814
9.729532484455056,12.165315751627231,3,0.0020339143760697096
8.612143273677141,10.71062042382354,4,0.00037606067298512916
9.446122573253362,6.85445688770997,1,34.449668930976756
3.380478155675542,12.426096164102812,4,0.0
4.098386341457493,11.225145584843085,1,0.046156696100843365
5.260682527243427,12.184924048425987,1,0.055443449689395075
3.2726497675264774,9.526670310523997,3,0.00041458565997365844
2.437004730632202,8.245823772110986,3,0.0
8.459709647801521,5.214064590988797,4,0.006754900403820461
4.5228388850050205,12.701465978853552,5,0.0
5.216173745191761,8.094367157906046,2,0.013892554914327452
8.999467776830894,9.30887848164942,3,0.004380268994923759
2.3073249747027846,13.42868218298228,1,0.013359234533905712
6.354069730526744,10.681247317988824,2,0.009969137999144811
6.795319486382507,5.808781685305932,4,0.0015284765236838972
9.019623302928563,14.470270156648766,5,2.065456221870482e-05
3.681383253516591,7.801577544019923,1,0.10673527179525814
2.1249640090506956,5.006639417582418,5,0.0
5.7423552839716185,11.09560889457431,2,0.006095191949995673
3.4890235258232076,6.583852711083344,5,0.0
6.377630365426715,14.170258304702301,2,0.0030281295375349042
3.61695847399462,12.038317350824352,1,0.044307007887587666
7.450998256005893,9.527841926818482,3,0.00284228325265723
5.59503896304287,12.100782576151515,3,0.0002896611559776977
2.4453433233461963,10.387520065168458,2,0.00034489185127210375
8.720141124990656,7.741539078315348,5,0.00021012711491363785
9.179796704306856,5.694320544450573,1,38.53504204788933
9.012602484112568,13.451858564538005,1,0.14184064197822685
7.050443404830943,5.000777304056335,4,0.0038554128061489613
6.1738047052222464,12.240791783919779,5,0.0
8.0648878313161,12.073751723640218,2,0.009217601229125997
7.961561138020457,14.202150985719488,2,0.006282527630066909
9.22029076273256,7.043649636489443,2,0.12735738109839922
6.866304905207602,13.753368194251115,5,0.0
9.370490534331626,5.880552268843095,4,0.004789092181561561
2.4137001027129497,12.635471313993666,2,0.0006818606803766322
4.130194914431922,5.885780790064584,4,3.5547842806444254e-05
8.767712637731107,14.136210235717195,3,0.0007327625932778991
7.774969006687113,13.240554065557152,3,0.0010129840598736262
6.008538733785933,8.118191840599668,5,0.0
6.478625828142039,11.191093384925589,3,0.0005591106642133306
2.946165252940074,9.174743057605511,2,0.002440733479795893
9.542366790044694,7.999610501973294,3,0.010303190039927898
2.7630170786183674,9.817579700932175,2,0.00157675366741387
3.8672906329570553,6.916785016294095,1,0.1820444307206084
7.761702728562056,7.035506767068627,1,9.34597825506524
8.132554490722871,10.281306327039811,4,0.0005288578252961023
4.6226454557275085,9.760329081824807,4,7.953446885120801e-05
6.89388698781317,10.763127577474867,2,0.010021159895662884
6.78869667912454,12.294689956460966,4,8.297981908078737e-07
8.327870136805693,10.15413173607657,1,0.2960707096458799
9.321009342915463,12.227707110443577,5,1.8386083446784127e-05
9.69877255184029,14.168800001345614,1,0.11820540185572165
8.082788458325624,11.544274189219912,5,1.3843976960326952e-06
9.639820337523268,8.530911189169878,1,5.465420784350749
5.03257445708335,11.24843492497737,1,0.06614872310735126
6.130759421531979,12.71928022595625,5,0.0
5.801998782906937,10.155824489556068,1,0.107655884482792
7.828043970611418,12.16474693551147,3,0.0008867770335559128
9.904716001966865,12.504642862318459,1,0.339996765684827
2.553596388330746,7.617356400843915,2,0.0034226449530100566
9.937331572068263,13.69628521268796,2,0.011512968264318033
2.2713500004844596,10.60069337386857,1,0.03386273271094823
6.813014565521705,6.065232747365314,4,0.0023974132434356533
8.437102080024252,13.416543983234336,4,0.000374906016867864
8.184637289142863,12.389676048147003,5,4.748720181270748e-05
2.979449275287503,11.697736163710044,1,0.02077921366382987
6.844149040849931,8.954655542255816,2,0.020989788016776412
7.6427208827376125,6.098384599646081,1,17.52208050406025
3.72110613685079,8.489011151629114,3,0.0004881074043405424
8.722947858151542,5.512854504769697,3,0.037436668976870306
2.4592053813210715,11.433258278628808,2,0.0009746563853343993
2.9793076495273745,5.750321726319956,1,0.20641952561063298
9.213310674320503,14.64454537985284,3,0.0007758950122125822
8.226232802347198,11.72589086788852,4,8.666547623156515e-05
7.428295981991575,10.346243851137928,2,0.009894962267765487
3.6360874843006217,10.237939769750554,1,0.05404052031669872
2.6298633051286737,8.582536539579937,1,0.040453724953512564
9.684700669564485,7.700256903370873,4,0.002434333784386129
9.870005990772686,10.43524529336625,1,1.0731012421843662
4.0585781869158275,11.45696025817496,2,0.0027027743194068515
6.345960786483458,14.696988282305165,5,0.0
8.671442318067918,13.480211248905915,3,0.0007150289389264273
3.3872433079518522,13.413444989289378,5,0.0
2.390775050402973,9.143226684613586,4,0.0
3.652664275736691,6.018493876068105,5,0.0
8.665331482419006,9.527785459098276,5,2.8965430895847782e-05
6.901411304728204,13.115954479038672,2,0.0064538858044272075
7.0285495314011515,7.9848318618988054,3,0.003334931480976436
4.683564395083574,5.313341569626643,1,1.261591013072216
8.920332278257625,11.222943111998996,4,0.00025043217332158644
5.025773462801595,8.949620274651554,3,0.0003160765508523978
9.459123865793796,8.355004714613166,4,0.0013066189295153645
6.378652634313211,5.098254923330472,3,0.011430824615075299
7.23920551022292,5.583555233754822,4,0.002223309932915015
8.043026628093802,9.29225922316487,2,0.017287657262110307
7.536922149044874,9.959988967842465,1,0.285467178926542
7.631885759426624,14.357486152967411,3,0.0006138856592001825
6.379896519461313,13.41252830726569,4,0.0
8.55586924437296,9.433417641030903,3,0.006067118957312088
7.438071609767918,8.702918660939014,5,5.943661373323308e-05
5.755686901813906,12.837645513496295,3,0.0001931832020903383
7.436549841935924,9.282938171554946,5,3.153381790055647e-05
9.548442613518768,13.17326482628547,2,0.010481716586370269
8.4795849035781,11.575312239787856,5,1.7371697732164634e-05
9.206305831916042,7.966369054622293,2,0.07422647644176941
2.816528491336058,13.896275705709613,3,1.2827720734764643e-05
6.131341054117097,13.300690953247722,3,0.0004443095510326575
8.648543490738955,14.55096817408941,3,0.00045786349639928125
8.26208472299029,14.729927093280134,1,0.08338615587775364
9.0652491016322,8.221609544172972,3,0.006936906217154985
7.826178414693655,9.333581522927028,1,0.5105261899398477
9.706099158491618,7.0680725253690655,1,22.142327828643612
5.526825870582925,5.343847240526111,5,1.2773618452707453e-05
4.758490052380767,10.118933028805461,3,0.00022355733473332698
9.69509718104738,12.759513529394237,2,0.010983367206723636
8.956518864606291,12.939351496688685,2,0.013412625862181213
2.326064060274887,12.46616097482606,3,0.0
6.911620322463738,9.708925199594516,3,0.0025480556353351053
2.378988854203042,6.046142488150398,3,0.0005801065369104571
8.762003477937013,9.6702773122595,3,0.0025767084790500982
9.90604239746699,12.831378137742696,4,0.00021651892584079193
7.532216768180212,12.777228602762548,5,0.0
9.928044154820242,10.228528492384555,2,0.028383889320675308
9.947218128635477,9.771969423218218,1,2.1957787086821803
7.074427286578174,11.288253098355383,4,0.0003999948021762275
7.142309277862906,10.568444109824426,3,0.001673710100890375
5.195050995146264,7.63033026160752,1,0.31101919494016483
3.117556611906461,7.660035082973275,4,2.1440191796658198e-05
5.8718170553241675,13.327094657504773,3,0.00029155002030310155
5.784575108134865,6.717738731007245,3,0.0034229445338371987
6.378172140783023,9.441247156908357,2,0.014212392556901488
4.425135237773622,14.76128186845753,2,0.0018375786414530188
6.576775507780172,5.56579526496248,2,0.10462088354628765
2.371646479394702,7.6541372624181,3,0.0
8.112775108813672,7.869580451406795,1,5.94088178125059
7.40756485735958,11.786989180922337,2,0.009864591500828265
7.421782383857973,5.029399698101907,5,0.0006349101874719889
7.7497405277821345,7.494100431244998,3,0.007565916363769194
9.961600335926331,13.52273442831748,2,0.011860495629656465
5.15607467510225,12.622347771293862,1,0.05503099527478968
3.6958436980070974,11.4641253483089,2,0.001199610995310988
2.7891247892890814,10.430327375583321,4,0.0
2.535036382205142,12.734146147179274,2,0.001358252848055268
6.938408966276218,8.37452603423333,3,0.00325332513941662
5.803446817292734,6.258112637982929,5,8.716727228473147e-05
7.315070049361412,7.220435112553806,4,0.001352303193476897
3.6455435089434376,9.441120360254551,5,0.0
4.421550973341693,12.331362628421683,4,3.1246091466441794e-05
9.001195327559365,9.3015421119517,3,0.005484103418856672
3.5381224314278246,9.153977420165333,3,0.0002794352254427593
5.737477942376573,6.69248814605311,4,0.00011547717690982099
8.560239443777842,9.345874335999548,5,1.65849106597751e-05
2.1333827871402757,10.668416587717626,3,0.0
3.2809582998522187,7.934519043349,3,0.0004979049512278216
2.924306391916387,10.500690669303264,2,0.0016456255960977891
5.338771571044231,9.368509636578848,2,0.006783525197639751
9.158022923274899,8.796017870657245,2,0.039364808885615214
2.409102687826725,9.084253154183877,1,0.03513123822015944
9.779915097046931,10.005534371263618,5,3.45315252438769e-07
8.69811591397415,14.201564075100189,1,0.09618437417861045
5.689501685651837,5.437607257771539,4,0.0008827608975349888
5.367508218474701,5.719385537159401,1,1.1166477630768898
6.035332209766116,6.073766801687823,5,0.00013487692255285082
6.322662193460182,11.351685942560895,2,0.007781834384474407
4.529147024452221,14.69717065895991,5,0.0
4.340778344196129,14.62532950970048,4,0.0
7.572670498564304,7.2846847904128476,4,0.001289447239937097
6.609011349349047,10.36317861315648,1,0.17856950818576064
8.321733940964847,6.190964188561031,5,0.0004914583946874411
5.871643442622872,5.78479669703981,1,1.9704628629530578
5.723294198971072,7.1953887490956925,1,0.4164794324518314
3.1479163796859115,8.149284162791975,5,0.0
5.367331463501225,14.007994742025723,1,0.03702158362234436
9.818098281553073,8.184815829955307,5,0.0002638164502104493
8.99711295489402,6.133677373811085,3,0.025985794021257533
6.8595854321051455,11.762910348002702,2,0.00692860468971013
4.4255719098577995,13.534699178067944,3,2.190289793068493e-05
8.780521728811198,14.721293103186182,5,1.4019742461791892e-06
7.494215964463353,5.709138954907404,4,0.003289348365626672
9.240397827078349,11.526954505680944,1,0.4701783752884053
8.60637873042192,5.855993948593858,5,0.0007824660440762627
6.711533867064807,11.12852916592739,3,0.0008361678262916841
7.738924068613637,7.273833329616576,2,0.04581744415023626
2.8055070448511996,5.832088583047025,2,0.004180324863173892
2.2971548640486796,9.921891370681005,3,0.00010200553583672445
5.714621283899888,11.745752201906022,4,6.435236633083888e-07
8.998304662342518,12.452893322323197,1,0.15819023170502017
7.837826372203638,9.722021755096087,4,0.00022046380768907503
9.432132417533728,12.392244798590646,5,5.232529347779906e-05
6.655533539262013,10.029069490171993,4,9.351462282250781e-05
4.952434165251573,7.693170528893951,4,0.00017358684443134764
5.056795061546016,7.543407109170501,2,0.016338443039304738
8.16096879893885,6.04281282723162,4,0.0034802757186315854
3.7521886626725722,11.201291975252817,2,0.0020296042301857576
9.272995135269808,11.752725351548538,3,0.00199492510623269
3.785780434619202,7.040820216105136,4,0.0
8.94318031886922,12.385560272583493,1,0.27410382702701125
5.178340542296187,13.686553170167576,3,8.569914591640959e-05
8.085219440292233,13.055035873044577,4,4.986770914313113e-05
6.872966452425303,5.00534879112366,2,0.2639969675529366
3.971400594332965,7.603414560422955,3,0.0004215519389163589
3.308599521491482,14.03722845320485,3,4.564359344093929e-05
6.896552823087394,11.645289834220444,3,0.0006612862282386381
7.723270877136133,6.517282056940472,3,0.012493163517773541
5.390115871393336,5.105337767476879,2,0.05314286641223183
3.511709712415583,14.948987462695943,4,0.0
9.090477760611243,13.549086335187322,3,0.0011595781935232695
6.469052560031109,6.883303041515639,5,0.00012438301586108598
5.731353462793654,13.904809476338386,5,0.0
2.5509103005976206,13.380266234938532,5,0.0
3.6654652567385284,8.564622117962855,5,0.0
8.72321919691092,9.830056433439985,2,0.02166721689707208
8.699905640041205,8.5179755681476,3,0.00769458548630949
7.369373553654926,11.496217931037627,4,4.583556529063717e-05
9.49030547650802,7.247777373616453,4,0.0031546889662265724
4.885443950195176,7.1770336355425375,3,0.0015726271311643628
7.132750562680462,6.1492579300724355,5,0.00017570142385857013
5.459891451041849,11.053696140289903,2,0.007953322880754001
2.4451609905792804,5.055195334388558,3,0.002879009239312467
8.495578090170152,7.582036317045331,2,0.06880171473590821
4.158981987554855,9.942727010637869,4,0.0003177861067469582
9.126532816500335,12.156283341438835,3,0.0009280103501056623
9.77220869036522,5.485835721798863,2,0.6543115974691253
3.0876745171236166,10.629125089995188,3,1.4147595816415738e-05
6.0073747130349195,8.799675007815718,4,0.00021143769305586257
3.716861168129963,5.261615397480463,1,0.3828149835923061
8.329950714386273,5.41239966373109,4,0.008915746343912444
6.392905128248742,7.237461490061239,1,0.7942129807545643
3.749242975516423,5.813926814818591,5,7.225335682629026e-05
7.666179077378678,12.449100738666946,1,0.11154351774720482
8.544626390484375,8.919634438880937,4,0.0005108307781925394
9.578962904484177,12.147808803791992,2,0.01211857916700942
9.501005847720748,6.03297213857827,1,35.35037292552508
3.6466381408938187,13.53257902203994,4,0.0
2.2826303260527103,8.465814856298694,2,0.002386743577875962
6.525241432929155,9.877796339161621,3,0.00083781734808011
5.598603740680627,11.786724716133131,2,0.00368030130813562
3.116135007786732,12.08295742299126,5,5.814788020652188e-06
2.0243313979430946,6.393537920080369,2,0.008806187606419297
2.722536418035717,7.066577631518804,3,0.00025368659400029425
3.7507702570325936,12.193803297525879,1,0.03415713443237673
2.867053522103932,12.896650770438209,3,1.6201145137759873e-05
5.877485556898114,9.707624755006012,5,0.0
2.1424800771137003,6.857452561965978,5,0.0
7.442954544797293,6.012561287909905,1,24.339935636131305
7.893302206164217,12.900980810686725,2,0.005742404311474808
3.1319713760515597,12.075781770187884,4,0.0
6.781712668639041,14.971326201873286,2,0.004902280912547403
2.6492983172534963,10.017954896238805,3,4.464642047669611e-05
4.8244302839816235,9.42545571537982,5,0.0
6.614924523290042,7.513232208904382,1,0.9573544998053201
4.639234260182496,6.969417238876553,1,0.2853635006563616
4.069190644105955,10.547854621277136,1,0.04795148465075458
2.999340907316941,11.016612680711605,3,0.0002075337486614055
4.024082795866967,5.108883893248758,5,0.0
9.341528786237959,8.492660114516568,5,0.00010629085286080973
8.407112412073156,13.24039497838617,2,0.007513341405032019
8.16102228386556,5.070889081328801,3,0.05191971800060619
3.084651137255718,11.065823373900532,3,0.00013395150685161696
5.303011600709624,10.538849577055668,5,0.0
8.541647395562704,8.608964917947848,3,0.004396933098837087
9.526977883537501,8.830191739637447,3,0.005959939453335534
2.3400928453399246,8.43390808786003,4,0.0
3.272323049004064,9.068116568581644,2,0.004232080139336751
3.610560611942545,9.76362761300543,1,0.04848992728923815
3.0816002316678563,9.39606005273057,4,0.0
8.495869535407131,10.66493492150415,2,0.015332995173477542
6.313984935029829,14.82005723374063,4,0.0
2.6349252562992875,12.08379683801268,1,0.014528153917065368
7.682672559294338,12.633791603638706,5,0.0
2.008858443000082,12.998761808482527,5,0.0
7.607231212066532,13.947670022963116,3,0.0002643448519241698
2.9195456412100125,9.46375128958044,1,0.04460433193689005
2.273847198521578,12.270986634754436,1,0.015507847446656111
3.9809508723079947,9.812809659491087,5,0.0
6.895681360049078,8.49125496914397,2,0.01660723501313442
2.95887519284771,14.519669158644199,4,0.0
4.821693549102324,14.387987176876765,3,0.00010719596584971423
7.721925780957091,10.103324553726269,5,6.732207927891825e-05
7.509755104102938,10.529204747196825,1,0.30506644795562426
5.863858736341888,7.175754674386225,5,4.911410644439229e-05
5.786254345706742,14.876124001366307,5,0.0
2.828836736627653,5.130846547295544,5,0.0
4.366050030802531,14.296286052025813,5,0.0
4.9021379918721575,10.384894207293069,4,0.0
5.621027179112574,13.040684943060846,2,0.0034338975123668304
5.001517700418708,5.508916512510695,2,0.048455226011769964
2.7457173443761036,12.795535776365293,2,0.0024263939166092484
3.0538091889807966,10.894313430405637,3,0.00012907327133854904
5.665348244734371,8.432296846794527,4,0.0001259167036919959
7.937297794015611,8.670487955627063,4,0.0005261647655434563
2.3354047581994903,6.820878695531788,4,0.00010726521526989327
9.277136741857188,5.97965305149453,1,33.909719197373846
4.546526142026348,7.740193165019205,5,0.0
7.720314394271913,10.367222985065311,2,0.013995390621877485
6.863957471141737,10.853252483001274,3,0.0015776051217935199
2.33192715423176,12.088000972615697,3,0.0
6.079032051255471,7.542988076060667,5,0.0
5.905088203032155,14.475176038556615,1,0.0462723701290669
2.4219070225798376,14.554754403903004,3,1.1790009492134738e-05
4.3554183785766005,6.157537585952678,5,5.671187144083022e-06
6.652367168856429,5.015355139652503,2,0.19886406540105328
4.133445620732988,5.536716781007166,5,0.0
3.0762158832281807,11.25582129892753,2,0.002335212321957572
5.348267178991094,13.803835925166007,5,0.0
6.479014834038359,9.946750108205034,5,0.0
4.391564435666214,11.735063639832026,2,0.0014681270712450204
8.534936222139319,14.101832371575606,1,0.12632242480357359
8.723705061009035,6.4195838873225375,2,0.13430055599001942
5.9960158952130955,7.153231807208883,5,7.075805229475903e-05
8.410267115705281,9.618727990099506,1,0.643314804578708
9.807815546699565,5.756033039328949,3,0.03500155489292456
5.109275365894775,14.400617854666047,4,0.0
4.164470941971108,11.258682280657515,4,9.224067390789514e-06
8.245074589625979,9.714597901939763,3,0.003971920913453554
7.288371408124212,14.371440966835467,4,8.44723521426267e-05
3.5200941217289747,12.222665165770586,4,3.4850878146800807e-05
5.278373776239973,14.377600624213493,3,8.156269972690656e-05
9.164032781644504,13.272668677974135,4,5.9271124852703265e-05
5.901868603982654,9.54088203229475,3,0.0008026688455666555
5.944417379493335,6.054497699220491,1,2.224379922005944
3.8681387144693646,8.359418763526396,5,0.0
5.580386086526789,12.947286423208045,4,0.0
9.20743574343431,5.010129216380203,2,0.7724030460401181
3.3969407200791952,10.932787475686023,4,0.0
9.559694389107907,8.326743898187283,3,0.006331774794517134
8.274683842821792,7.780568800603229,5,5.1800752761782506e-05
5.811467890146445,12.67788723753521,3,8.29852689849255e-05
3.2445706078581322,6.289856812880603,3,0.002325427742161577
3.852645876536445,7.806049725467753,5,0.0
6.31561561472055,12.278939094063889,5,0.0
4.542034833097715,8.8930464616602,1,0.10045365186154638
3.1280547599433763,14.134060033894336,2,0.0010080822040275438
5.642977666304362,12.180701947761188,5,0.0
4.348925925495841,11.453913951724878,5,0.0
9.98382835337857,12.290074953049135,4,0.00018031546245364023
9.528592538361654,12.444957341035025,5,2.91333605339996e-05
9.914234591632143,10.77288451238184,2,0.017206800609694366
3.497292865990035,13.115001600191121,3,0.00032113914295202003
5.639610598792697,11.914889547271224,2,0.003432953975159561
8.028934441445656,11.867296136497508,1,0.13849653727057276
7.0465200080991615,7.25714459023254,2,0.04691147495427716
6.025231958869017,5.01208654220444,1,16.881084600693132
4.608689984931677,11.214830128943943,2,0.005102039446015685
4.360835743275503,11.848571045087601,1,0.044910141964711596
9.1102885724864,7.466514745239323,2,0.10016199953600599
7.143052063923536,11.007733795887326,2,0.010798239711216854
4.6018294451948645,12.712152922640584,4,2.1975030266078888e-06
6.244965359310984,13.51412310895294,1,0.062339115890087664
3.9478115669805094,12.173182226113468,3,0.00015411075588711814
8.315201619592212,9.056287728939076,1,0.8419139942101672
9.624406980085048,11.11410719373684,1,0.3863030147535867
6.210076684375276,11.915845541521588,4,3.688917774686417e-05
4.370819698309184,14.222969328027945,4,0.0
4.433013603600054,6.056940741140748,2,0.02517968282332427
6.665596287746333,10.107938277334496,2,0.013148726762689342
2.7501208258906598,10.056428759116063,4,0.0
2.383925248800132,10.531126882185685,1,0.027709539516553472
9.068429897312495,10.088288983931,2,0.03153693330273383
3.4458704836612295,13.482092076966346,5,0.0
5.315098673833568,14.864974746617976,5,0.0
7.267971573513513,7.277757898317025,5,0.0002638068877886656
8.995916384562669,9.77348681676169,1,0.45834191199413205
9.16265705963336,14.289254927200215,1,0.17825305775092148
7.151740632554007,6.423315493090365,4,0.001033067934143314
7.6781999414731095,13.856816881627548,1,0.06744659531220913
8.995853338245713,8.277608039533968,4,0.0015933199827763886
8.810557727817704,12.456852112139572,4,0.0001794741801125201
4.557399876973933,11.150663253156441,5,0.0
4.966346503898393,10.242448220167498,4,1.9932413608175827e-05
9.562732007062802,11.108745837260521,2,0.01826630003043282
8.70187277986193,11.674390278623532,5,4.846743878895178e-05
2.8869352250976483,7.461031524520605,5,0.0
2.8717635015476874,7.88019100910447,2,0.004273100346265162
2.444933203758276,7.418878254359775,3,0.00021060379291827348
9.19246155508241,5.216295675089811,3,0.05328552883655231
7.715568694580457,7.112527514487265,1,7.714021940931035
6.314312121244973,8.757841509756936,4,0.0001015843342245753
9.96276279483121,6.62843220701618,3,0.02606583860726627
3.6209518381198746,10.936742449287227,3,0.0
9.18163211761267,11.660576968666065,5,7.836067295264836e-06
4.737524832379431,5.448119603063382,3,0.0026842786120918095
9.92075458085697,6.5328037633696585,2,0.2349240087504799
4.4366820011567585,11.066274064238492,5,0.0
8.923870283499578,7.743219870877348,1,14.457354985791719
6.1880690851962825,7.845128587110388,5,0.0
8.75600057901756,9.44775025985147,2,0.036507901733477295
9.33663040218272,12.290444068783994,2,0.013711191253547252
9.32146213503832,12.491540372038093,5,9.950119540550545e-06
2.784812364695709,14.363658420246347,2,0.00048189397204969475
7.2307002354325425,9.924596612188315,5,1.4911407916855523e-06
4.05335579863234,5.27029861003389,1,0.5792933986811943
4.254000831647162,13.972937964986388,2,0.0016980644220486174
6.318419732611447,7.532956174085465,3,0.002072927526092162
4.668492916380892,8.134907299991184,4,9.064399914392109e-05
5.11989438736724,10.75425235441637,3,0.0002517327000561829
3.7412929783274,8.712833172296843,1,0.08551885364026086
4.682549684578603,14.421206969675687,3,6.7257383663208394e-06
6.2199925183985405,8.8207364435792,1,0.2659692515926598
8.754731856149306,13.98528101793248,3,0.001152332032608479
5.826718544363455,11.61686501229671,2,0.006012347781310611
7.127104418115897,6.946251475115147,1,7.929516500069538
4.844298508327795,7.999686506189678,2,0.01614066017743816
2.9758358552830266,7.7913873375829095,3,0.0
3.194920235240682,11.305859306471906,1,0.03937146611766617
7.028982265356863,8.052135609489234,3,0.002954095026653776
7.060080704234815,5.659649181686188,4,0.0028719018550302524
7.509730769990325,11.425758672824733,5,5.3749148982944914e-05
2.90729955301833,5.5081263389916115,2,0.014868410227752408
4.08896667296885,14.837816275105652,3,0.00011453014713530108
6.789960367590096,6.6754904925649665,1,2.522911182792532
2.503539361628703,6.438226124733472,1,0.09016563648048746
6.612473774168134,14.697749719749613,3,0.0001245200221597905
7.6027157029472185,5.996854905005983,3,0.014967722529262609
2.950608334865449,14.056153494742741,3,9.098311568763996e-05
4.319967810853304,13.712750480460322,3,0.00018223326720801083
5.001732740651316,5.951362508432874,2,0.031146761308162334
9.266257658801457,11.59637738239094,5,2.5779086238094086e-06
5.545049120609045,7.319927621062996,3,0.0011083648370090776
7.066186418020039,14.59861525190761,4,1.362607590881537e-05
8.638758288535406,14.450074220587418,3,0.0005193397103354708
5.706530679169092,7.086387633837009,1,0.359780310538802
9.722438299961244,8.527424255208203,3,0.011815086792393134
7.9137727852172945,9.172420939941986,4,0.0006783145489583999
2.2026205319658407,8.779781016451818,2,0.0018195064253902695
9.240064283165651,12.210117977284398,5,3.4934176019980175e-05
3.0480422911064577,11.901210562348439,4,0.0
2.2212284732625047,12.043055856376943,4,0.0
7.710440559925382,13.18703893787359,2,0.006997105375984268
2.415232164505059,6.082551116958301,2,0.003813347390779929
9.584647186660753,5.314436589338655,5,0.003054282788603532
8.063867226825371,7.72304951138341,1,6.175743547468834
8.58552629761018,10.533366691061161,3,0.0018429465668284015
8.521924942112047,8.912394423206994,1,1.2105628824428953
4.303718594272881,12.300221523503476,3,0.0002019618199406869
2.461831547518347,14.972733205418287,4,0.0
9.941629239146362,14.256516547578418,5,1.7732588877376572e-05
8.793124206133555,9.966162803536214,2,0.022744776115715324
6.596696539039773,5.045516875685237,2,0.15254804162977406
3.3761832966981355,8.137876533840341,5,0.0
9.432689478081357,5.002956436172528,5,0.002826872577642341
9.958654362868081,5.073972590185043,5,0.003836683027106637
9.45267736949376,9.767409395428556,2,0.03280476016013809
4.679932931465547,13.771051648819025,1,0.037269941193421335
8.325442519725073,10.332001483258752,4,0.0005463022548880644
3.0795431324341864,13.068118156096704,5,0.0
9.393506510408457,7.070246392226215,3,0.011708747312811584
3.6333878180591173,7.176740121230982,3,0.0004340624827513474
9.887153806090032,14.661281380986026,1,0.14522038907989204
4.697207272343225,5.084831748957672,1,4.204086768769715
9.475046409105488,14.737667526116098,3,0.0003481981388291406
2.0664311680671963,7.613709836727628,4,0.0
9.072364548407476,14.782203066332565,2,0.0066662982607439665
8.39753991550246,7.328727110737184,1,7.660794710896645
4.581971333613229,10.736866740101467,1,0.07436433432465096
9.170764064085828,14.354258044243437,1,0.12294847043532865
6.414741625483396,10.58251300796718,1,0.1733349976194753
8.815236050215276,10.027080141886323,3,0.002776051938484147
8.809559020916733,6.518491770225622,5,0.00030569360322877114
9.70902482641273,9.042921949985788,3,0.0074322766267552985
3.2176788582189113,8.996299846161339,4,0.0
8.029151677160865,6.5438547990511955,4,0.0019985879930536545
3.3559059494589683,8.026300008490082,4,0.0
7.491364415470724,12.451361448618444,2,0.00542686230152704
6.88382084945143,13.924643379899033,2,0.004769880157649479
4.980836461297875,6.784816663405586,3,0.0013072223481254517
5.071964222247184,14.51372709107498,5,0.0
7.955324042441152,6.392432002972949,5,0.00017521213839824873
7.456119137055539,12.984799871251587,5,2.436463121562458e-05
5.120713079619578,5.298098636137799,1,3.641697322091177
7.6193364894832945,12.830003606610205,2,0.007603793322343296
4.0380245893797735,5.797722984462038,2,0.017526781230890034
3.2203417360880806,8.82580661153467,1,0.0745790944675311
7.406867393873137,13.91126377167888,3,0.0007408891318851646
5.262308943481987,5.800997889082829,3,0.004288069550025756
6.878152832220019,7.425830299736767,3,0.0038668228095814746
6.879745535097003,14.67997155166415,4,3.474689803528525e-05
5.505568077616793,12.906368391171927,3,0.00037842024929415013
7.7930400044749515,13.562143047709288,4,3.649313075276941e-05
3.846671922449403,14.062822563509314,1,0.030190234199427245
6.9070223386152385,6.3706031517179715,4,0.0008314277272113488
8.880824959611482,10.242779596221538,5,4.0518920582989356e-05
2.363967863686182,13.743936276254402,5,0.0
9.699896196014024,14.771882399264308,5,8.934942417361502e-06
4.938866976947626,9.094043714527047,1,0.1339735643551135
3.2019197823820678,6.7031838203745675,3,0.0007779489181646768
4.468667272267048,6.503255614922299,5,7.518328460274578e-05
9.048068925404749,11.912445380431315,4,0.00023521590069704523
6.42271445756254,5.8469243327923,5,0.0002866669554497282
8.59324624945656,12.752501652257754,1,0.17844552216751064
5.188931448840165,11.481160611934328,2,0.003987740943504742
4.646442169528848,5.899815706712576,1,0.5669809422418496
3.8850657366979036,5.333928480402726,2,0.03526059351136
5.015237224128716,12.836557962126484,1,0.04888752619055292
2.346948571274826,10.184280208292996,5,0.0
5.900478895329298,10.50462825872066,4,5.199685106028771e-05
5.852439937807653,6.29155710138056,1,0.8180375965159236
4.745850897335662,13.427702069906854,5,0.0
6.570742797611175,9.912543938963925,2,0.013868956786894577
5.448657304451798,12.323028710598903,5,0.0
6.386520350734125,14.240645547228883,2,0.0028178921427108464
9.497277780706595,11.717900660554877,4,0.00020393200073871398
9.091212583380216,8.43429692558881,1,11.466597440801868
2.2627658732578517,14.177521493831781,4,0.0
6.5686119071449145,7.061226341075095,5,9.197373953021996e-05
2.8639080679631164,11.221085913689501,4,0.0
3.150884189910931,11.676100868430698,1,0.034772824804079554
3.7499731219531744,9.604443675271389,2,0.004400905816310237
9.687307518210279,11.200957789017043,4,0.00039293408340956935
8.288045529946118,6.50904611328472,5,0.00019761798658353012
2.392261007887469,10.941162930160592,3,0.00026181899220490074
9.029228130805913,5.55964915296928,5,0.0006154170190762451
3.1921666582528196,9.302585638036106,2,0.004201233877057422
5.159503829481934,9.541870443657153,3,0.001170706041202203
2.8804367036952554,9.250288449032313,2,0.003921885302497343
9.37438876657747,5.516771670526071,3,0.0523655311634829
2.3983765734210776,11.430676398863653,2,0.001394832767241163
7.624273065477883,12.433124265733873,5,0.0
2.524509722585501,7.787660080278331,3,0.0
8.902111041889794,8.400579345238874,2,0.046317052341890486
2.993891289778025,6.107949852545957,1,0.11615954096711185
8.278094682892263,14.680117287563986,5,0.0
7.463497528971421,11.153081745599144,3,0.0008112147554849753
6.08603957777322,10.612737831356762,5,0.0
3.688507779316466,10.358878702773136,5,0.0
4.797869694827025,8.228979604521196,1,0.23152826066778068
4.10220672383172,5.677285716981952,3,0.0023422537738079447
8.092622176443516,14.472892267829351,2,0.005601219517064005
9.304693302552918,13.148201932090354,4,0.00011571743620195734
7.344692299552996,14.70166042710646,4,1.2940938934613102e-05
9.804770489958429,10.456828278030423,1,2.9588554450294655
7.604915253974323,9.333358110046442,4,0.0006495510758888527
3.185586135420584,5.578976980142577,4,1.4111353490986539e-05
6.083042024275717,12.567881916091522,3,0.0002972241871899353
8.370622776499834,9.042761374861726,4,0.000578724076833239
3.276634887886156,12.028228934749723,1,0.027757913644053007
8.105180489757572,9.17167411508248,2,0.02757128366254656
5.168899082470622,7.928105615468974,4,0.0010322964393862488
5.023521388977688,12.592324024657714,1,0.04545898777366158
6.5567336669231695,12.235597173602667,1,0.08129660845149601
8.014373649963868,11.55907597692089,2,0.013009109940104813
7.713231170167342,11.732695456265175,5,0.0
3.9740844568994893,7.600394616387211,1,0.12156014754596005
4.42936487358414,14.102123491440485,5,0.0
3.9749100008103806,7.57156229679336,4,0.0
4.951066107329542,8.164569506286696,5,0.0
4.307056871187798,10.909981127396017,1,0.07205203491632904
9.461048401420648,6.2619650326816965,5,0.000490714756281203
2.5210236750582755,5.203021402171254,4,0.0
7.457005821641192,11.903962036738685,2,0.008496689767221574
6.3566961222364595,13.6533122540959,4,0.0
7.544106804611103,12.24578491168512,5,1.5781710391706838e-06
7.960156363277081,14.441081546433606,1,0.08160945548971232
6.273483869953103,6.541121664528815,3,0.0042720279420368325
4.0952549143187875,13.53484045588878,4,0.0
6.3419025287596344,7.154289598352951,3,0.0032239642916114543
2.5941159181674696,7.849656957710288,5,0.0
6.979674688480328,7.170428248682713,4,0.0006167756464508211
8.983255106715294,7.984180124722836,2,0.044306977849360156
7.690379709845856,11.424706535765486,1,0.20883107787865196
4.251549481194246,6.103425169130188,4,0.00021391250390697043
3.7217270479615037,6.704096951882118,2,0.012584416476782313
9.388359257255582,9.213195483694161,5,0.00013705580178066527
6.960569588279941,9.54734002460423,1,0.22748357081530732
2.97205742404355,10.141945416181159,5,0.0
3.049805897609871,13.452615743359905,2,0.0010362581109980148
2.641249490394478,14.517014308671943,3,0.0
4.278653811600893,7.385143531475893,3,0.000761840702965001
7.06917447874692,6.92211693608721,3,0.007712094646531076
6.511386380891026,5.73281081718007,3,0.01154437259705662
8.505486134883451,14.482154586973456,1,0.09439975478834513
9.794343527234126,5.661802448956935,3,0.03429939917101793
2.037890106053264,12.24783408689694,4,0.0
3.39047654869983,6.482761181527842,3,0.001438926194473404
6.562530076268627,14.69949415197211,3,0.0004134952701669348
8.315017451683069,14.884027452923473,4,0.00014896193371937962
6.291802345635167,8.162037654275721,2,0.015570081671235294
8.99865087388812,7.002208742301987,4,0.0036825251218268427
8.005941368547516,9.242296175450289,2,0.019450862650665056
7.701808326732776,10.950882508532619,2,0.013464388231297596
2.952987368896725,8.940287478469699,4,0.0
4.454428258461115,14.854885697965852,2,0.0014420616329989856
9.057890949254528,5.694461733535965,4,0.005029547321008002
9.22160241484714,7.408794154625793,5,0.0002218714723788456
2.595750177478328,8.99699095776732,3,5.411703848350761e-05
9.907795868047616,9.454877149028485,2,0.03857131842697555
8.031307563272073,8.78751435392381,1,1.2437952425663943
5.905230295904848,12.993997748174383,2,0.004761511997015493
3.726174274091994,8.320879933278421,5,0.0
6.503009349403911,8.723588791155816,4,1.2323599349572768e-05
8.129997625111312,12.037285976302524,4,3.411982144275484e-05
9.004807337838443,6.293190620797002,5,0.0006748384616351346
6.657035303839983,8.27904077766545,2,0.021433017681592545
7.767783803316974,7.356584564829831,1,13.152247917626573
7.30290527505095,9.99060530461066,4,0.0005015243537759456
5.945201084886366,10.676759651575448,3,0.0018442994601226177
8.886990652936582,6.061250754516402,2,0.19013346755596267
9.394118478067796,14.05179315149368,1,0.09625009853238792
3.2118357409504936,6.508741635017624,1,0.17164171225925795
4.776289810140129,12.114155001220645,2,0.0036821880736372806
4.886445640283805,12.451079794840737,2,0.004463547283650872
2.76216421591284,7.203656927802244,2,0.00781780359331744
7.5129555599401785,7.505244355636421,1,1.5235124387074006
5.853212183301598,9.55939316028757,4,0.0005267409976718642
8.422047441810282,5.387732374403555,2,0.27203118734886444
3.170928206758008,12.536309620473896,5,0.0
3.1101678609361283,5.225066175215098,4,1.771401896286774e-05
2.5946293473981896,12.313426454525143,5,0.0
2.371329675552481,6.304798442566536,1,0.1629675625660827
9.325165559699261,10.708492593534245,5,0.000191239821721983
8.03657336762367,6.8953679496605735,2,0.07021001840990447
6.067195324853048,5.594385739186727,3,0.008968832107039765
8.11204485714655,13.547496911351178,5,6.695278266077953e-07
7.871449963153189,12.351313281005556,2,0.007986239107478393
9.572558786536076,12.970011400603799,5,1.2660382617420226e-05
8.980245387384116,6.151410001616967,3,0.024731728437773853
9.850263126200304,12.671212612972713,5,5.548475978329313e-05
6.1789670042637095,7.536525293327817,1,0.6433870187062226
9.923475622102039,6.019148442745454,4,0.006826083576450821
2.257331330871403,8.594172590112557,2,0.0029267658532403052
2.9301948042587815,11.568039653766492,5,0.0
3.5495409466316943,12.738131176844757,1,0.030388534952311624
5.142607706929304,7.148288888756145,4,0.00031677798099620584
6.703978637688717,5.5439217445955045,5,0.00014117942742233988
7.660747557422986,14.47198303259228,1,0.08056468452392607
3.612350883995103,13.649904020938571,5,0.0
4.142049646299378,10.512519786562756,4,1.103304361941183e-06
8.43479314821218,7.5236134500436975,2,0.08384775089662515
4.855550628202211,7.267435677361519,5,5.059965862534584e-05
4.708553248304906,10.270128379870311,4,0.0
7.936681106308133,7.50129204888094,1,5.72907111613531
2.3620795682184577,12.552122860839344,5,0.0
5.225684350694442,12.221053654855698,4,0.0
2.326114894533272,6.5336925140416815,3,0.0
4.590833760793034,7.182472469659333,4,0.0
4.489016520481474,6.865295585659555,1,0.29659876677582975
5.65417129962336,9.452404545578501,4,7.683738897133687e-05
8.750578020718194,10.389977388987345,5,0.00011414785112762681
6.998594319395714,14.864416958691958,3,0.00042543570378600327
6.447149809189145,7.778778490574628,3,0.0035631586980635556
6.889067899438081,7.258582958516032,4,0.0013674958478785224
2.3842096475416117,14.220410465718562,2,0.0006829540838327278
5.497837433132892,6.764138653209901,4,0.0004022184521024224
3.2397942056914353,13.368450956192913,1,0.02643765779843347
7.736281735442425,14.461039074677904,5,0.0
7.013764973816054,10.249039855578678,4,5.5019405479156676e-05
7.541452487374194,5.693513884250985,5,0.000121893270371831
2.1308485508191737,12.698505644593677,4,0.0
9.156619948443922,6.950122247353111,4,0.0019687764036572662
2.289916949451068,6.4292254368437485,5,0.0
6.33499064726027,8.238529799510644,4,6.309410088197476e-05
5.938357750338512,13.984775339933908,1,0.047330017899697645
2.551374335686331,9.622930516673415,5,0.0
5.058239340305235,12.828570281618855,2,0.002276167587203388
9.164631453485784,12.632272827355038,1,0.3905771053145464
9.789873135723532,7.6998812254794755,4,0.001760773987912662
8.926010551111155,6.541661659665616,1,27.44515327159602
9.406582727847818,14.093908509459128,2,0.0070818680380788515
9.869657690395293,13.49213304753362,2,0.0140126625914817
2.637825910561701,11.109287241639239,3,0.0004671374791967633
5.290119255911651,13.656546638599412,4,1.2834824703145428e-05
5.595792091167974,5.4536822705680885,2,0.06171447540895375
5.125025717526563,12.933574821079398,3,0.0001492857396301355
7.058449689997205,13.342355871681256,1,0.07165048103019986
7.6041756618242635,6.561501855667219,1,17.226079735378516
4.512395041912667,14.197927026212257,5,0.0
7.801087311926716,11.055997893399923,3,0.0008158477270484631
6.41863768391906,6.604568927056768,3,0.0033932547383793443
5.129756611430812,11.603659912458793,3,4.151935839565183e-05
2.6488318023056125,9.979567627929958,4,0.0
6.7097062524442785,13.477197141009768,5,0.0
6.882719497358527,5.164755780131678,4,0.004685803908220829
5.355731740011576,5.937968463739178,2,0.045265507543427695
9.536421608063094,9.592082621923414,2,0.030863644169495188
5.670680437923075,13.23421128612463,5,0.0
7.728970338813628,13.39038864237288,3,0.00041066626662693176
5.477043168852865,13.63627071984118,5,0.0
8.172723699195785,10.545004786685917,3,0.0021603169025172252
7.757015730207618,6.0740039557837076,5,0.0005956963513306447
5.53653105956602,12.48542614882718,4,2.4342223335727138e-05
7.605241030200677,8.144147501588215,1,1.3007008977081442
9.545757204643168,7.704663507236739,1,25.762969030921035
9.871016670185101,12.767961595608039,3,0.0015815491919559804
2.689739165000322,10.1012510872694,5,0.0
